{"cameraMode":{"drawMode":0,"name":"Shaded","section":"Shading Mode"},"sceneLighting":true,"audioPlay":false,"sceneViewState":{"showFog":true,"showMaterialUpdate":false,"showSkybox":true,"showFlares":true,"showImageEffects":true,"showParticleSystems":true},"in2DMode":false,"pivot":{"x":8.771773338317871,"y":-0.0453258715569973,"z":13.499641418457032},"rotation":{"x":0.6301503777503967,"y":0.01513794157654047,"z":-0.012289613485336304,"w":0.7762321829795837},"size":58.333065032958987,"orthographic":true}