{"cameraMode":{"drawMode":0,"name":"Shaded","section":"Shading Mode"},"sceneLighting":true,"audioPlay":false,"sceneViewState":{"showFog":true,"showMaterialUpdate":false,"showSkybox":true,"showFlares":true,"showImageEffects":true,"showParticleSystems":true},"in2DMode":false,"pivot":{"x":0.6937994956970215,"y":5.473330974578857,"z":-30.146272659301759},"rotation":{"x":0.23441201448440553,"y":-0.4726991653442383,"z":0.1320427805185318,"w":0.8391527533531189},"size":32.60934829711914,"orthographic":true}