{"cameraMode":{"drawMode":0,"name":"Shaded","section":"Shading Mode"},"sceneLighting":true,"audioPlay":false,"sceneViewState":{"showFog":true,"showMaterialUpdate":false,"showSkybox":true,"showFlares":true,"showImageEffects":true,"showParticleSystems":true},"in2DMode":false,"pivot":{"x":14.66303825378418,"y":10.863109588623047,"z":8.581204414367676},"rotation":{"x":0.36348623037338259,"y":-0.47842732071876528,"z":0.22687862813472749,"w":0.7664971351623535},"size":35.849143981933597,"orthographic":false}